<?xml version="1.0" encoding="UTF-8"?>
<window>
    <!-- addonsettings -->
    <defaultcontrol always="true">3</defaultcontrol>
    <controls>
        <control type="group">
            <top>210</top>
            <bottom>64</bottom>
            <left>0</left>
            <right>0</right>
            <include>Animation_SlideIn</include>
            <include>Animation_FadeOut</include>
            <animation effect="slide" tween="quadratic" easing="out" time="300" start="0,1920" end="0">WindowOpen</animation>
            <animation effect="slide" tween="quadratic" easing="in" time="300" end="0,1920" start="0">WindowClose</animation>
            <include>Dialog_Background</include>
            <control type="group">
                <top>70</top>
                <right>side</right>
                <left>1430</left>
                <align>right</align>
                <height>621</height>
                <control type="group">
                    <width>460</width>
                    <height>621</height>
                    <include content="Object_Line_Settings">
                        <param name="width" value="460" />
                        <param name="label" value="$INFO[Control.GetLabel(20)]" />
                    </include>
                    <!-- <include>Object_FlatBackground</include> -->
                    <control type="grouplist" id="3">
                        <ondown>8000</ondown>
                        <onup>noop</onup>
                        <onleft>5</onleft>
                        <onright>5</onright>
                        <width>100%</width>
						<align>right</align>
                        <height>621</height>
                        <orientation>vertical</orientation>
                        <itemgap>0</itemgap>
                    </control>
                </control>

                <control type="group">
                    <right>480</right>
                    <width>1400</width>
                    <height>621</height>
                    <include content="Object_Line_Settings">
                        <param name="width" value="1400" />
                        <param name="label" value="$LOCALIZE[33063]" />
                    </include>
					
                    <control type="grouplist" id="5">
                        <width>100%</width>
                        <height>621</height>
                        <ondown>8000</ondown>
                        <onup>noop</onup>
                        <onright>3</onright>
                        <onleft>8000</onleft>
                        <orientation>vertical</orientation>
                        <itemgap>0</itemgap>
                    </control>
                </control> 

            </control>

            <!-- Default Templates -->
            <control type="button" id="7">
                <width>100%</width>
                <include>Defs_OptionButton</include>
            </control>
            <control type="radiobutton" id="8">
                <width>100%</width>
                <align>right</align>
                <radioposx>40</radioposx>
                <include>Defs_OptionButton</include>
            </control>
            <control type="spincontrolex" id="9">
                <width>100%</width>
                <include>Defs_OptionButton</include>
            </control>
            <control type="image" id="11">
                <width>100%</width>
                <height>72</height>
                <texture border="30">common/div.png</texture>
                <include>Defs_OptionButton</include>
            </control>
            <control type="edit" id="12">
                <width>100%</width>
                <include>Defs_OptionButton</include>
            </control>
            <control type="label" id="14">
                <width>100%</width>
                <height>72</height>
                <align>right</align>
                <font>Font-ListInfo-Small-Bold</font>
                <textcolor>LineLabel</textcolor>
            </control>
            <control type="sliderex" id="13">
                <width>100%</width>
                <include>Defs_OptionButton</include>
            </control>

            <!-- Default Templates Category -->
            <control type="button" id="10">
                <width>100%</width>
                <include>Defs_OptionButton</include>
            </control>

            <!-- Ok Cancel Defaults -->
            <control type="grouplist" id="8000">
                <centerleft>50%</centerleft>
                <width>1240</width>
                <bottom>side</bottom>
                <height>69</height>
                <align>center</align>
                <itemgap>20</itemgap>
                <onleft>3</onleft>
                <onright>3</onright>
                <onup>3</onup>
                <ondown>noop</ondown>
                <orientation>horizontal</orientation>
                <control type="button" id="28">
                    <align>center</align>
                    <width>400</width>
                    <label>186</label>
                    <include>Defs_OptionButton2</include>
                    <visible>Control.IsEnabled(10)</visible>
                </control>
                <control type="button" id="29">
                    <align>center</align>
                    <width>400</width>
                    <label>222</label>
                    <include>Defs_OptionButton2</include>
                    <visible>Control.IsEnabled(11)</visible>
                </control>
                <control type="button" id="30">
                    <align>center</align>
                    <width>400</width>
                    <label>409</label>
                    <include>Defs_OptionButton2</include>
                    <visible>Control.IsEnabled(12)</visible>
                </control>
            </control>
        </control>
        <control type="label" id="2"><width>1</width><top>-2000</top><height>1</height><visible>false</visible></control>

    </controls>

</window>
