<?xml version="1.0" encoding="UTF-8"?>
<addon id="skin.Premium.mod" version="1.5.9" name="Anonymous Mod" provider-name="Mod by Anonymous">
    <requires>
        <import addon="xbmc.gui" version="5.12.0"/>
        <import addon="script.skinshortcuts" version="1.0.10"/>
        <import addon="script.image.resource.select" version="0.0.5"/>
        <import addon="plugin.program.autocompletion" version="1.0.1"/>
        <!-- <import addon="resource.images.recordlabels.white" version="0.0.1"/> -->
		<!-- <import addon="script.skin.helper.service" version="1.0.0"/> -->
        <import addon="script.skin.helper.widgets" version="1.0.0"/>
    </requires>
	<extension point="xbmc.gui.skin" debugging="false">		
        <res width="1920" height="1080" aspect="16:9" default="true" folder="16x9" />
    </extension>
    <extension point="xbmc.addon.metadata">
        <platform>all</platform>
        <summary lang="en">Clean, clear, simple, modern.</summary>
    </extension>
 		<assets>
 			<icon>resources/icon.png</icon>
 			<fanart>resources/fanart.jpg</fanart>
 		</assets>   
</addon>